{
  "0-0.3m": {
    "alpha": 0.34901753787033113,
    "beta_param": 0.42573121703414885,
    "n_claims": 919854,
    "mean": 0.3047609191975596,
    "std": 0.3074492232732672
  },
  "0.3-0.6m": {
    "alpha": 0.32780114202182087,
    "beta_param": 0.2614617324170469,
    "n_claims": 66885,
    "mean": 0.3904211386585052,
    "std": 0.34848171887065793
  },
  "0.6-0.9m": {
    "alpha": 0.36300707337211824,
    "beta_param": 0.38602887628708865,
    "n_claims": 28773,
    "mean": 0.3389893303580049,
    "std": 0.3151687728950195
  },
  "0.9-1.2m": {
    "alpha": 0.3847089604786608,
    "beta_param": 0.42004010617330695,
    "n_claims": 17401,
    "mean": 0.34787564562093254,
    "std": 0.3135902576450734
  },
  "1.2-1.5m": {
    "alpha": 0.3667411269599086,
    "beta_param": 0.32805364412392096,
    "n_claims": 12433,
    "mean": 0.38759235458917435,
    "std": 0.3360006425121094
  },
  "1.5-1.8m": {
    "alpha": 0.342515158182343,
    "beta_param": 0.2828312468949319,
    "n_claims": 7884,
    "mean": 0.3952348184730519,
    "std": 0.3536500480039862
  },
  "1.8-2.1m": {
    "alpha": 0.3264344290554458,
    "beta_param": 0.2520082125910953,
    "n_claims": 6389,
    "mean": 0.40284261226214196,
    "std": 0.3642348035549389
  },
  "2.1-2.4m": {
    "alpha": 0.32077479413245524,
    "beta_param": 0.23152330265596416,
    "n_claims": 3953,
    "mean": 0.4153112628540949,
    "std": 0.3679449187332399
  },
  "2.4-2.7m": {
    "alpha": 0.3255987894324211,
    "beta_param": 0.31752724706814217,
    "n_claims": 10085,
    "mean": 0.33916281471012455,
    "std": 0.33285743001840173
  },
  "2.7-3.0m": {
    "alpha": 0.41580771729179716,
    "beta_param": 0.15947493754362035,
    "n_claims": 1043,
    "mean": 0.6229449953576847,
    "std": 0.3549036724954339
  },
  "3.0-3.5m": {
    "alpha": 0.4456495480425538,
    "beta_param": 0.12053139349710588,
    "n_claims": 1793,
    "mean": 0.728123226361921,
    "std": 0.3411825494328155
  },
  "3.5m+": {
    "alpha": 0.5014800009450887,
    "beta_param": 0.09892649413337534,
    "n_claims": 3632,
    "mean": 0.8107147831177659,
    "std": 0.3106420414745619
  }
}